Puesto,País,Índice de Costo de Vida,Índice de Alquiler,Índice de Costo de Vida más Alquiler,Índice de Comestibles,Índice de Precios en Restaurantes,Índice de Poder Adquisitivo Local,Año
1,Noruega,14445,5888,10288,13552,16588,9440,2014
2,Suiza,14388,6384,10499,14850,14559,13805,2014
3,Dinamarca,11487,4005,7852,10261,13227,10066,2014
4,Venezuela,11436,3959,7803,13215,9624,1787,2014
5,Islandia,11175,4107,7742,12107,10606,5954,2014
6,Luxemburgo,10993,6411,8767,9707,12651,11531,2014
7,Australia,10851,5797,8395,10503,9744,10420,2014
8,Irlanda,10661,3924,7388,10267,10003,9464,2014
9,Nueva Zelanda,10448,4243,7433,10447,9009,8758,2014
10,Suecia,10368,3379,6972,10035,10376,10611,2014
11,Bahamas,10344,4735,7619,9800,9649,9337,2014
12,Finlandia,10328,3532,7026,10040,10317,9790,2014
13,Francia,10021,3686,6943,10019,9870,9229,2014
14,Reino Unido,10011,4419,7294,9425,9694,9434,2014
15,Bélgica,10004,3489,6839,9351,10582,8793,2014
16,Singapur,10001,9704,9857,8977,6136,6411,2014
17,Países Bajos,9882,4094,7070,7803,11525,9754,2014
18,Italia,9681,3155,6510,8500,10462,7539,2014
19,Japón,9413,3551,6565,9755,5878,9964,2014
20,Israel,9145,3523,6414,7952,9542,6929,2014
21,Chipre,8976,2089,5630,8244,9453,6521,2014
22,Austria,8950,3323,6216,8871,7925,9153,2014
23,Canadá,8790,3571,6255,9457,7878,10553,2014
24,Corea del Sur,8756,3756,6327,10650,5176,8063,2014
25,Alemania,8714,3029,5952,7786,7783,11228,2014
26,Grecia,8379,1512,5043,7051,8476,4427,2014
27,Malta,8018,1752,4974,6890,7910,7269,2014
28,Estados Unidos,7739,3693,5774,8338,6774,13291,2014
29,Uruguay,7736,2526,5205,6866,7163,3964,2014
30,España,7718,2641,5251,6424,7905,7248,2014
31,Puerto Rico,7650,2119,4963,8004,6443,8528,2014
32,Hong Kong,7636,8781,8192,8208,5177,7139,2014
33,Eslovenia,7537,2247,4967,6519,6144,6036,2014
34,Catar,7525,7700,7610,7026,7836,12579,2014
35,Kuwait,7408,3881,5694,7758,5589,9246,2014
36,Nigeria,7378,2131,4829,7497,6270,3564,2014
37,Jamaica,7336,1964,4726,7151,5435,5414,2014
38,Líbano,7015,3338,5229,5456,6750,4186,2014
39,Zimbabue,6986,2032,4579,6692,5392,2773,2014
40,Portugal,6930,2238,4650,5737,5818,5465,2014
41,Croacia,6904,1393,4227,6268,5475,4832,2014
42,Emiratos Árabes Unidos,6825,6426,6631,6167,6523,11064,2014
43,Arabia Saudita,6814,1549,4256,6959,3487,10003,2014
44,Estonia,6733,1807,4340,5864,5483,4867,2014
45,Argentina,6685,1763,4294,6323,6418,5708,2014
46,Letonia,6595,1636,4186,5434,5387,4022,2014
47,Costa Rica,6564,1876,4286,6943,5553,4237,2014
48,Ghana,6456,4077,5300,7050,5775,1513,2014
49,Kazajistán,6315,2264,4347,5348,6409,3729,2014
50,Azerbaiyán,6313,3491,4942,5446,6544,2492,2014
51,Rusia,6180,2965,4618,5091,6848,3730,2014
52,Eslovaquia,6150,2201,4232,5526,4316,5241,2014
53,Jordania,6146,1522,3900,5370,5447,3830,2014
54,Brasil,6060,2177,4173,4934,4755,4329,2014
55,Taiwán,6020,1906,4021,7403,2947,8231,2014
56,Chile,6016,1832,3983,5427,4997,5827,2014
57,Lituania,5996,1465,3794,5284,4188,4324,2014
58,Namibia,5980,2432,4256,5270,4780,3499,2014
59,Mauricio,5948,2673,4357,5278,5802,6943,2014
60,Hungría,5927,1068,3566,4810,4363,4489,2014
61,Baréin,5907,3610,4791,5764,5624,6203,2014
62,Trinidad y Tobago,5877,2215,4098,5757,4933,4113,2014
63,Uganda,5874,1285,3645,5521,2710,2454,2014
64,República Dominicana,5798,1262,3594,5904,4089,3370,2014
65,Montenegro,5726,1164,3510,4988,5012,3875,2014
66,República Checa,5659,1763,3766,5101,3726,6232,2014
67,Omán,5604,3036,4356,5347,4073,11231,2014
68,Etiopía,5546,2178,3910,5543,2824,1195,2014
69,China,5412,2431,3964,5706,3777,4373,2014
70,Polonia,5368,1893,3680,4519,4419,5760,2014
71,Camboya,5364,1304,3392,6426,2511,1529,2014
72,Kenia,5360,1924,3691,5950,3421,3085,2014
73,El Salvador,5305,1031,3228,5059,3591,2413,2014
74,Libia,5233,2022,3673,6134,4283,4282,2014
75,Panamá,5218,3137,4207,5981,4036,4459,2014
76,Guatemala,5200,1554,3428,5422,3333,3881,2014
77,Serbia,5157,1091,3182,4270,4267,3739,2014
78,Irak,5127,1779,3500,4584,4620,3720,2014
79,Honduras,5105,1219,3217,4294,3362,3823,2014
80,Perú,5093,1540,3366,4745,3613,3555,2014
81,Colombia,5037,1465,3302,4772,3483,3345,2014
82,Bielorrusia,5035,1595,3363,4615,5579,3393,2014
83,Tanzania,5005,2037,3563,5228,2712,3986,2014
84,Bulgaria,4996,1100,3104,4532,3802,3739,2014
85,Turquía,4993,1281,3190,4056,3753,5579,2014
86,Bosnia y Herzegovina,4976,828,2961,4531,3365,4452,2014
87,Irán,4951,2049,3541,5260,4146,3033,2014
88,Albania,4896,1094,3049,4137,3525,3327,2014
89,Malasia,4866,1516,3238,4762,2662,7046,2014
90,Sudáfrica,4855,1770,3356,4232,4373,9597,2014
91,Rumania,4820,1223,3072,4387,3719,3651,2014
92,Marruecos,4748,1436,3139,4171,3863,2959,2014
93,México,4696,1214,3004,4899,3539,6046,2014
94,Armenia,4666,1392,3075,3675,4114,2356,2014
95,Georgia,4622,1260,2988,3700,4136,2348,2014
96,Tailandia,4595,1830,3251,5292,2381,3696,2014
97,Ucrania,4564,1513,3082,4081,4021,3100,2014
98,Ecuador,4523,1415,3013,4741,2771,2703,2014
99,Vietnam,4486,1515,3043,4109,2326,2629,2014
100,Macedonia del Norte,4417,915,2715,3768,3244,3330,2014
101,Sri Lanka,4282,981,2678,5224,2497,3098,2014
102,Siria,4274,1218,2789,3864,3552,2147,2014
103,Moldavia,4156,996,2621,3587,3108,2286,2014
104,Túnez,4125,982,2598,3836,2873,3436,2014
105,Bolivia,4098,1356,2766,3685,2462,4567,2014
106,Bangladés,4037,664,2398,4126,2598,3361,2014
107,Filipinas,4028,834,2476,4243,2322,2997,2014
108,Argelia,3911,894,2446,4011,2748,3210,2014
109,Indonesia,3900,1283,2629,4421,2090,2644,2014
110,Egipto,3826,940,2424,3706,3275,2557,2014
111,Nepal,3143,347,1785,3047,1982,2336,2014
112,Pakistán,2969,466,1753,2922,2232,3153,2014
113,India,2670,701,1713,2922,1602,6233,2014
1,Suiza,12603,5763,9261,12844,12764,14651,2015
2,Noruega,11859,4870,8443,11006,14145,9630,2015
3,Venezuela,11101,3413,7344,12843,9109,1190,2015
4,Islandia,10214,3586,6975,10376,10521,7084,2015
5,Dinamarca,10060,3471,6840,8859,11753,10570,2015
6,Australia,9932,4947,7496,9431,9063,11039,2015
7,Nueva Zelanda,9371,3576,6539,9251,8631,9099,2015
8,Singapur,9361,8462,8922,8152,5946,7540,2015
9,Kuwait,9297,4091,6753,11845,5459,8570,2015
10,Reino Unido,9219,3919,6629,8458,9597,9812,2015
11,Irlanda,9209,3747,6540,8514,9158,9572,2015
12,Luxemburgo,9178,6231,7738,7710,11063,11470,2015
13,Finlandia,8968,2987,6045,8430,9238,10117,2015
14,Francia,8837,3113,6040,8530,9106,9262,2015
15,Bélgica,8722,3096,5973,7954,9593,8616,2015
16,Países Bajos,8598,3550,6131,6682,10213,10202,2015
17,Suecia,8291,2749,5583,7872,8999,11095,2015
18,Corea del Sur,8290,3555,5976,9806,5251,8583,2015
19,Italia,8272,2571,5486,7143,9307,7935,2015
20,Canadá,8180,3308,5799,8741,7407,10507,2015
21,Japón,8036,2971,5561,8268,5051,9821,2015
22,Israel,7929,3026,5533,6919,8534,8818,2015
23,Austria,7687,2920,5357,7356,7043,10455,2015
24,Estados Unidos,7653,3617,5681,8181,6806,12609,2015
25,Alemania,7627,2716,5227,6485,7246,11184,2015
26,Hong Kong,7523,8109,7809,7946,5382,7493,2015
27,Catar,7400,7631,7513,6540,7814,11302,2015
28,Puerto Rico,7350,1970,4721,7635,6360,9443,2015
29,Chipre,7252,1620,4500,6606,7518,7105,2015
30,Ghana,7183,5415,6319,7339,5913,1417,2015
31,Grecia,6888,1192,4105,5820,7003,5189,2015
32,Malta,6881,1833,4414,5810,7593,7245,2015
33,Belice,6874,1144,4074,6391,4252,11998,2015
34,Uruguay,6855,2180,4571,6062,6457,4487,2015
35,Líbano,6761,3168,5005,5159,6743,5017,2015
36,Emiratos Árabes Unidos,6716,6686,6702,6030,6367,10459,2015
37,Argentina,6712,1826,4324,6147,6440,5938,2015
38,Zimbabue,6589,1980,4337,5942,5433,3340,2015
39,España,6570,2153,4411,5417,7109,7671,2015
40,Eslovenia,6515,1727,4175,5558,5403,6416,2015
41,Jamaica,6356,1478,3973,5942,4412,4353,2015
42,Costa Rica,6253,1822,4088,6435,5284,4814,2015
43,Rusia,6191,2873,4570,4988,7180,3886,2015
44,Jordania,6138,1527,3885,5086,5859,3867,2015
45,Estonia,6120,1617,3920,4898,5151,5144,2015
46,Mauricio,6010,2088,4093,5127,5230,6010,2015
47,Mozambique,5992,3418,4734,5271,7125,4120,2015
48,Nigeria,5940,2237,4130,5404,4960,4023,2015
49,Azerbaiyán,5913,3046,4512,5022,6469,2921,2015
50,Trinidad y Tobago,5908,2215,4104,6007,5101,4698,2015
51,Croacia,5892,1180,3590,5232,4636,5047,2015
52,Portugal,5822,1829,3871,4740,5107,5822,2015
53,Tanzania,5713,2962,4368,5821,3901,4716,2015
54,Taiwán,5706,1723,3760,6673,2788,6990,2015
55,Camboya,5705,1482,3641,6886,2607,1193,2015
56,Baréin,5617,3739,4699,5532,5419,5969,2015
57,República Dominicana,5595,1234,3464,5521,4416,2820,2015
58,Letonia,5594,1301,3496,4479,4718,4439,2015
59,Uzbekistán,5592,1374,3531,4989,4313,2316,2015
60,Brasil,5533,1853,3735,4431,4544,4116,2015
61,Panamá,5516,3122,4346,6103,4039,4334,2015
62,Kazajistán,5427,1941,3724,4437,5898,4348,2015
63,Omán,5420,2896,4187,4738,4445,10683,2015
64,Uganda,5390,834,3164,4984,2660,1691,2015
65,Namibia,5367,2068,3755,4669,5135,4286,2015
66,Palestina,5327,755,3093,4850,3597,4609,2015
67,Chile,5321,1712,3558,4777,4459,5511,2015
68,Honduras,5306,1012,3208,4971,3392,6264,2015
69,Birmania,5304,2747,4055,5938,2639,2118,2015
70,Lituania,5276,1359,3362,4455,3753,4686,2015
71,Libia,5212,1912,3599,5809,4766,4429,2015
72,Eslovaquia,5160,1742,3490,4694,3813,5605,2015
73,Etiopía,5147,1688,3456,5027,2476,1585,2015
74,El Salvador,5064,1059,3107,4445,3633,2867,2015
75,Guatemala,5042,1405,3265,5153,3575,3802,2015
76,Arabia Saudita,5035,1522,3319,4691,3483,12619,2015
77,Bielorrusia,5020,1764,3429,4538,5788,3582,2015
78,Kenia,5001,1711,3393,5055,3483,2874,2015
79,Turquía,4955,1150,3096,3994,3874,5363,2015
80,Perú,4943,1701,3358,4765,3429,3064,2015
81,Hungría,4890,952,2966,3930,3778,4685,2015
82,China,4889,2242,3596,5018,3652,4864,2015
83,República Checa,4850,1661,3292,4378,3304,6807,2015
84,Irak,4821,1797,3343,4185,4329,4120,2015
85,Montenegro,4809,959,2927,4034,4146,4024,2015
86,Nicaragua,4785,790,2833,4327,2834,2062,2015
87,Tailandia,4652,1672,3196,5274,2472,3875,2015
88,Malasia,4597,1341,3006,4588,2544,7354,2015
89,Sudáfrica,4558,1695,3159,4041,4152,10178,2015
90,Ecuador,4557,1401,3015,4626,2926,2800,2015
91,Polonia,4511,1513,3046,3650,3877,6349,2015
92,Irán,4453,1777,3146,4598,4007,3065,2015
93,Bulgaria,4357,949,2691,3850,3381,3988,2015
94,Serbia,4329,847,2628,3500,3720,3915,2015
95,Rumania,4239,1001,2657,3743,3506,4062,2015
96,Bosnia y Herzegovina,4230,731,2520,3752,2914,4474,2015
97,Albania,4195,855,2563,3410,3321,3479,2015
98,Vietnam,4186,1486,2867,3942,2269,2132,2015
99,Sri Lanka,4166,1074,2655,5079,2281,2824,2015
100,Ucrania,4129,1268,2731,3553,3818,2787,2015
101,México,4126,1171,2682,4235,3327,5951,2015
102,Armenia,4068,965,2552,3320,3271,2774,2015
103,Kosovo,4017,1476,2775,3052,2975,2919,2015
104,Bolivia,4002,1084,2576,3395,2601,4110,2015
105,Filipinas,4000,753,2413,4114,2313,3541,2015
106,Marruecos,3978,1026,2536,3482,3235,3549,2015
107,Georgia,3956,1194,2606,3182,3793,2621,2015
108,Indonesia,3935,1385,2689,4412,2191,2601,2015
109,Bangladés,3922,585,2291,4011,2552,3343,2015
110,Colombia,3892,1291,2621,3621,2961,3608,2015
111,Siria,3824,1035,2461,3537,3125,2311,2015
112,Macedonia del Norte,3741,702,2256,3199,2848,3548,2015
113,Egipto,3722,901,2343,3509,3204,2584,2015
114,Moldavia,3472,769,2151,2975,2838,2370,2015
115,Argelia,3410,783,2126,3395,2696,3694,2015
116,Túnez,3406,847,2156,3197,2326,3675,2015
117,Pakistán,3071,481,1805,3038,2350,3321,2015
118,Nepal,2885,323,1633,2780,1866,2133,2015
119,India,2627,678,1674,2852,1594,6579,2015
1,Islas Bermudas,13368,12012,12717,13195,12127,11854,2016
2,Suiza,12310,5514,9044,12386,11914,17874,2016
3,Bahamas,10754,3821,7422,10712,8843,5896,2016
4,Noruega,9980,3704,6964,9327,11077,12575,2016
5,Islandia,9645,3545,6713,9140,9882,9398,2016
6,Dinamarca,8488,3083,5890,6920,9788,14214,2016
7,Singapur,8367,7388,7897,7583,5375,11050,2016
8,Luxemburgo,8201,4887,6608,6916,9033,15440,2016
9,Kuwait,8162,3826,6078,9613,4601,11360,2016
10,Hong Kong,8148,8257,8200,8880,5073,10232,2016
11,Japón,8125,2975,5650,8690,4745,11755,2016
12,Reino Unido,8103,3629,5953,6848,8668,12000,2016
13,Australia,7845,4095,6043,7468,7485,14725,2016
14,Nueva Zelanda,7817,2971,5488,7206,7537,11547,2016
15,Irlanda,7803,3787,5873,6659,8230,12566,2016
16,Israel,7575,2678,5221,6571,7727,11554,2016
17,Suecia,7570,2521,5144,6789,7918,12822,2016
18,Bélgica,7544,3142,5428,6715,8287,10669,2016
19,Francia,7530,2622,5172,6962,7348,11851,2016
20,Finlandia,7525,2698,5205,6659,7685,13293,2016
21,Estados Unidos,7408,3839,5693,7569,6913,13917,2016
22,Corea del Sur,7318,3441,5455,8623,4118,12064,2016
23,Países Bajos,7212,3176,5272,5611,8073,12934,2016
24,Catar,6999,7450,7216,5946,6932,14186,2016
25,Italia,6877,2149,4605,5864,7527,10567,2016
26,Puerto Rico,6673,1970,4413,6594,5871,10826,2016
27,Austria,6659,2615,4716,6171,6264,12046,2016
28,Emiratos Árabes Unidos,6609,6825,6713,5723,5985,13643,2016
29,Alemania,6554,2401,4558,5312,6068,14761,2016
30,Canadá,6482,2683,4656,6504,6004,13481,2016
31,Argentina,6409,1807,4197,5251,6419,7492,2016
32,Macao,6406,4347,5417,5585,4643,9942,2016
33,Ghana,6344,5334,5859,5932,5188,1844,2016
34,Líbano,6308,3505,4961,4875,5970,6657,2016
35,Malta,6136,2023,4159,5189,6663,8277,2016
36,Venezuela,6002,1151,3671,7370,4709,1427,2016
37,Belice,5942,1188,3657,5120,3811,14627,2016
38,Costa Rica,5776,1615,3776,5687,4654,6759,2016
39,Chipre,5699,1310,3590,4800,5972,9384,2016
40,España,5611,1886,3821,4602,5699,10531,2016
41,Taiwán,5584,1471,3607,6460,2514,10638,2016
42,Jamaica,5570,1256,3497,5412,3873,4883,2016
43,Trinidad y Tobago,5567,2245,3971,5380,4858,6821,2016
44,Uruguay,5563,1581,3649,4814,5275,5059,2016
45,Zimbabue,5451,1459,3532,4600,4537,3642,2016
46,Grecia,5440,951,3282,4475,5507,7927,2016
47,Omán,5312,2473,3948,4708,4386,14816,2016
48,Jordania,5308,1204,3335,4375,5238,5089,2016
49,Palestina,5288,919,3188,4977,3804,5354,2016
50,Panamá,5257,3053,4198,5525,4041,4809,2016
51,Eslovenia,5219,1471,3418,4278,4278,8976,2016
52,Brunéi,5193,2020,3668,5061,3304,9430,2016
53,Birmania,5157,2019,3649,4964,2836,3335,2016
54,República Dominicana,5138,1207,3249,4800,3933,3644,2016
55,Irak,5056,1740,3463,4206,4593,5722,2016
56,Portugal,4983,1528,3323,4058,4156,7547,2016
57,Tanzania,4951,2571,3807,4276,3574,5386,2016
58,Estonia,4894,1350,3191,3850,4413,7742,2016
59,Croacia,4820,971,2970,4068,3757,6789,2016
60,Baréin,4820,3374,4125,4415,4858,10101,2016
61,China,4810,2324,3615,5327,2928,7742,2016
62,Mauricio,4789,1512,3214,4410,3722,7193,2016
63,Honduras,4785,962,2948,4428,3353,7066,2016
64,Arabia Saudita,4760,1378,3135,4181,3000,16786,2016
65,Camboya,4729,1236,3050,5224,2256,1640,2016
66,Nigeria,4716,2290,3550,4268,3578,4887,2016
67,Letonia,4714,1267,3057,3625,4045,6146,2016
68,Lituania,4556,1245,2965,3732,3542,6125,2016
69,Zambia,4553,2128,3388,3404,3159,14224,2016
70,Turquía,4507,1045,2843,3989,3189,6412,2016
71,Eslovaquia,4500,1498,3057,4059,3181,6880,2016
72,Uzbekistán,4467,1255,2923,4076,2935,3111,2016
73,Ecuador,4432,1212,2884,4340,2795,4764,2016
74,Etiopía,4427,2130,3323,3842,2434,2074,2016
75,Guatemala,4408,1142,2838,4176,3302,5159,2016
76,Chile,4388,1312,2910,3849,3625,7840,2016
77,Fiyi,4382,1549,3020,4954,3412,4237,2016
78,El Salvador,4256,976,2679,3838,2883,4315,2016
79,República Checa,4180,1445,2866,3651,2834,8988,2016
80,Hungría,4129,1054,2651,3318,3075,5630,2016
81,Irán,4112,1638,2923,3860,3505,4773,2016
82,Tailandia,4002,1518,2808,4380,2022,4006,2016
83,Kenia,3984,1266,2678,3786,2911,3107,2016
84,Namibia,3974,1667,2865,3266,3568,4916,2016
85,Libia,3966,1408,2736,3971,3217,6251,2016
86,Vietnam,3950,1394,2722,3951,1824,2588,2016
87,Montenegro,3949,920,2493,3177,3584,5250,2016
88,Bielorrusia,3945,1325,2686,3244,4930,3916,2016
89,Brasil,3888,1230,2610,2992,3155,4869,2016
90,Polonia,3853,1354,2652,3076,3171,8077,2016
91,Rusia,3848,1713,2822,3222,4205,5742,2016
92,Perú,3804,1307,2604,3546,2522,4752,2016
93,Botsuana,3765,849,2364,3146,2996,7627,2016
94,Malasia,3747,1106,2478,3754,1985,9634,2016
95,Bolivia,3744,1002,2427,3058,2442,5395,2016
96,Egipto,3671,963,2369,3313,3180,4030,2016
97,Bulgaria,3636,845,2295,3090,2989,5919,2016
98,Indonesia,3633,986,2361,4090,1841,3551,2016
99,Marruecos,3556,967,2312,3174,2398,4874,2016
100,Bangladés,3550,530,2099,3258,2126,4448,2016
101,Armenia,3549,977,2313,2830,3098,3308,2016
102,México,3501,988,2293,3371,2819,7651,2016
103,Rumania,3480,863,2222,2879,2917,6190,2016
104,Sudáfrica,3475,1318,2438,2915,3227,12610,2016
105,Filipinas,3473,672,2127,3456,1859,4286,2016
106,Bosnia y Herzegovina,3459,583,2077,2977,2407,6064,2016
107,Sri Lanka,3411,860,2185,3852,2115,3295,2016
108,Albania,3381,712,2098,2733,2759,4358,2016
109,Serbia,3356,669,2065,2577,2564,4962,2016
110,Siria,3175,802,2035,2984,2368,2583,2016
111,Macedonia del Norte,3105,592,1897,2614,2117,4674,2016
112,Túnez,3067,705,1932,2990,1834,4624,2016
113,Colombia,2925,946,1974,2472,2086,4599,2016
114,Azerbaiyán,2893,1108,2035,2416,2841,4107,2016
115,Argelia,2889,710,1842,3050,1877,4946,2016
116,Georgia,2871,1064,2002,2461,2690,3088,2016
117,Ucrania,2856,947,1939,2243,2275,2966,2016
118,Nepal,2734,300,1564,2499,1443,3120,2016
119,Kazajistán,2682,953,1852,2148,2765,5930,2016
120,Pakistán,2669,468,1611,2540,2064,4334,2016
121,Moldavia,2570,712,1677,2038,1864,3204,2016
122,India,2414,637,1560,2492,1531,8965,2016
1,Islas Bermudas,14619,10476,12634,13955,15139,9165,2017
2,Suiza,12206,5657,9068,12272,11985,9535,2017
3,Islandia,11171,4653,8047,10388,11974,7762,2017
4,Noruega,10631,3988,7447,9831,11713,10558,2017
5,Bahamas,10405,4059,7363,10352,8995,3476,2017
6,Islas Vírgenes de EE.UU,8586,3723,6256,7541,8112,9582,2017
7,Japón,8528,2756,5762,8992,4783,10252,2017
8,Italia,8370,2149,5389,7394,7624,7183,2017
9,Dinamarca,8302,3502,6001,6384,10101,9876,2017
10,Singapur,8241,7022,7657,7168,5833,9270,2017
11,Nueva Zelanda,8077,3380,5826,7313,7746,8987,2017
12,Australia,8066,4254,6239,7687,7712,10194,2017
13,Hong Kong,7996,8408,8193,8188,5487,8145,2017
14,Israel,7774,2844,5411,6539,8135,9447,2017
15,Luxemburgo,7728,4995,6418,6594,8730,9740,2017
16,Irlanda,7698,4064,5956,6221,8138,10352,2017
17,Suecia,7588,2686,5239,6794,7827,10723,2017
18,Estados Unidos,7542,4030,5859,7557,7002,12317,2017
19,Corea del Sur,7541,2202,4982,8852,4462,10238,2017
20,Bélgica,7536,2964,5344,6577,8234,9102,2017
21,Kuwait,7524,3782,5731,8139,4579,6968,2017
22,Francia,7489,2483,5090,6954,7289,8729,2017
23,Finlandia,7306,2695,5096,6147,7643,11497,2017
24,Países Bajos,7247,3245,5329,5595,8227,8652,2017
25,Austria,7152,2586,4964,6586,6694,9566,2017
26,Uruguay,7029,1857,4550,5682,6762,3286,2017
27,Canadá,7016,2984,5083,6926,6565,10801,2017
28,Puerto Rico,6959,1955,4561,6684,6326,8305,2017
29,Reino Unido,6949,3098,5103,5585,7684,9685,2017
30,Catar,6920,6681,6806,5609,7273,11128,2017
31,Emiratos Árabes Unidos,6798,6884,6839,5536,6392,11677,2017
32,Alemania,6550,2535,4626,5009,6262,12488,2017
33,Malta,6280,2320,4382,5283,6689,6809,2017
34,Macao,6256,3900,5127,5633,4856,8641,2017
35,Líbano,6165,3089,4691,4692,6023,5361,2017
36,Taiwán,6138,1480,3906,7289,2814,11857,2017
37,Ghana,6048,4673,5389,5635,4338,1452,2017
38,Jordania,5922,1251,3683,5019,5619,4227,2017
39,Costa Rica,5857,1876,3950,5755,4538,5363,2017
40,Baréin,5778,3164,4526,5545,4924,9478,2017
41,Jamaica,5690,1192,3534,5596,3904,3661,2017
42,Panamá,5688,3186,4489,5744,4742,3848,2017
43,Trinidad y Tobago,5615,2109,3935,5354,5194,5714,2017
44,Grecia,5587,1020,3398,4495,5462,5824,2017
45,Belice,5580,1135,3450,4935,3341,13433,2017
46,Mongolia,5556,2965,4314,5399,3181,2283,2017
47,España,5498,1883,3765,4468,5368,8787,2017
48,Chipre,5407,1228,3404,4406,5805,9592,2017
49,Palestina,5346,1031,3278,5002,3780,5054,2017
50,Eslovenia,5324,1406,3446,4348,4313,7823,2017
51,Fiyi,5311,2743,4080,5709,3684,3367,2017
52,Brasil,5307,1552,3507,4165,4233,4238,2017
53,Omán,5259,2792,4077,4934,5126,11186,2017
54,Argentina,5257,1392,3405,4406,5037,5840,2017
55,República Dominicana,5209,1254,3314,4692,4231,2908,2017
56,Zimbabue,5156,1358,3336,4475,3995,2718,2017
57,Mauricio,5039,1262,3229,4328,3581,5077,2017
58,Chile,5009,1543,3348,4319,4438,6128,2017
59,Estonia,4950,1398,3247,3674,4676,6848,2017
60,Portugal,4919,1677,3366,3914,4124,6272,2017
61,Tanzania,4851,2280,3619,3755,3348,4195,2017
62,Arabia Saudita,4837,1436,3207,4054,3022,13805,2017
63,Croacia,4800,1009,2983,3991,3753,6071,2017
64,Letonia,4783,1209,3070,3672,4116,5245,2017
65,Honduras,4740,1160,3024,3937,3627,3749,2017
66,Irak,4704,1522,3179,3920,4443,5509,2017
67,Camboya,4677,1455,3133,5058,2211,1659,2017
68,Lituania,4673,1325,3069,3615,4008,5167,2017
69,Namibia,4648,2103,3428,4086,4321,5049,2017
70,Ecuador,4610,1244,2997,4487,3041,3777,2017
71,Guatemala,4601,1431,3082,4388,3263,4818,2017
72,El Salvador,4595,938,2842,4117,3515,2970,2017
73,Libia,4585,1880,3288,4701,3569,13265,2017
74,Etiopía,4572,2083,3379,3690,2390,1666,2017
75,Eslovaquia,4490,1649,3129,3884,3317,6475,2017
76,China,4476,1867,3226,4774,2968,6784,2017
77,Zambia,4473,2194,3381,3383,3232,8993,2017
78,Tailandia,4371,1494,2992,4831,2142,3428,2017
79,Sudáfrica,4312,1633,3028,3627,4020,9896,2017
80,Hungría,4277,1267,2835,3362,3272,4752,2017
81,Rusia,4201,1758,3030,3358,4385,4827,2017
82,República Checa,4122,1483,2857,3584,2799,7622,2017
83,Indonesia,4111,1166,2699,4580,2029,2761,2017
84,Malasia,4024,1119,2632,4244,2087,7334,2017
85,Vietnam,4011,1549,2831,3960,2046,2477,2017
86,Perú,3947,1723,2881,3617,2550,4120,2017
87,Montenegro,3935,954,2506,3110,3503,4661,2017
88,Kenia,3900,968,2495,3765,2998,3099,2017
89,Bolivia,3865,1107,2543,3213,2797,4674,2017
90,Turquía,3860,1056,2516,3346,2645,5564,2017
91,Venezuela,3830,751,2355,3940,3734,335,2017
92,Irán,3826,1705,2809,3353,3317,4318,2017
93,Polonia,3815,1393,2654,2969,3153,7175,2017
94,Nigeria,3682,1762,2762,3702,2237,2523,2017
95,Bulgaria,3649,891,2327,3049,2956,5140,2017
96,Bangladés,3610,561,2149,3271,2486,3700,2017
97,Rumania,3563,959,2315,2905,3016,5344,2017
98,Marruecos,3553,1044,2350,3151,2389,4120,2017
99,Bosnia y Herzegovina,3505,622,2123,2976,2422,5129,2017
100,Filipinas,3471,732,2158,3395,1986,3600,2017
101,Colombia,3445,1069,2306,2876,2497,3763,2017
102,Uganda,3414,683,2105,2941,2079,1942,2017
103,Armenia,3387,991,2239,2683,3103,3288,2017
104,Bielorrusia,3384,1221,2347,2719,3760,3643,2017
105,Serbia,3379,725,2107,2496,2720,4080,2017
106,Sri Lanka,3347,874,2162,3679,1951,3028,2017
107,Albania,3242,630,1990,2607,2506,3449,2017
108,Argelia,3238,683,2014,3250,2012,3666,2017
109,Macedonia del Norte,3093,602,1899,2541,2074,3985,2017
110,Kazajistán,3074,1127,2141,2483,3204,4484,2017
111,Nepal,3002,336,1724,2638,1627,2509,2017
112,México,2981,837,1953,2806,2580,6008,2017
113,Túnez,2874,610,1789,2758,1695,4019,2017
114,Moldavia,2837,785,1854,2197,2032,2938,2017
115,Siria,2831,598,1761,2672,2221,1408,2017
116,Azerbaiyán,2776,1066,1957,2293,2925,3080,2017
117,Georgia,2737,857,1836,2226,2665,3303,2017
118,Pakistán,2718,503,1657,2483,2101,3995,2017
119,Ucrania,2622,936,1814,1987,1969,2693,2017
120,India,2508,677,1631,2520,1638,7673,2017
121,Egipto,2236,503,1405,1901,1856,2939,2017
1,Islas Bermudas,14488,10071,12357,14342,15159,10424,2018
2,Suiza,13139,5384,9399,13334,13186,12615,2018
3,Islandia,12396,5463,9052,11895,13259,8784,2018
4,Noruega,11370,4085,7857,10652,12504,10795,2018
5,Bahamas,10068,3531,6916,8838,10208,7140,2018
6,Luxemburgo,9656,5987,7887,8498,10794,11673,2018
7,Dinamarca,9330,3662,6596,7246,11339,11753,2018
8,Singapur,9140,7189,8199,8364,6440,9589,2018
9,Japón,8658,2560,5717,9158,4916,10735,2018
10,Israel,8653,3557,6195,7244,9489,10230,2018
11,Irlanda,8545,4716,6698,6951,9316,9610,2018
12,Australia,8430,4185,6383,8066,8157,12298,2018
13,Francia,8386,2862,5722,7806,8187,10121,2018
14,Suecia,8370,2801,5684,7610,8667,11301,2018
15,Nueva Zelanda,8341,3379,5948,7698,7905,9861,2018
16,Bélgica,8335,2805,5668,7279,9325,9891,2018
17,Corea del Sur,8294,2339,5422,9967,4898,10936,2018
18,Países Bajos,8269,3621,6027,6583,9273,10948,2018
19,Finlandia,8170,2972,5663,6878,8689,11942,2018
20,Austria,8147,2928,5630,7677,7585,9869,2018
21,Italia,7906,2314,5209,6805,8474,8107,2018
22,Hong Kong,7872,7954,7912,8347,5617,8286,2018
23,Reino Unido,7585,3340,5538,6096,8387,10854,2018
24,Alemania,7435,2906,5251,5887,7121,12501,2018
25,Estados Unidos,7295,3852,5635,7393,6995,12762,2018
26,Canadá,7248,3082,5238,7144,6870,11892,2018
27,Malta,7092,2933,5086,5982,7514,6624,2018
28,Emiratos Árabes Unidos,6721,6072,6408,5559,6333,12478,2018
29,Puerto Rico,6699,1869,4370,6625,5572,10377,2018
30,Uruguay,6688,2003,4429,5451,6918,3431,2018
31,Taiwán,6542,1506,4113,7924,2886,10638,2018
32,Catar,6537,6533,6535,5750,6480,12505,2018
33,Grecia,6315,1182,3840,5087,6170,5380,2018
34,España,6175,2223,4269,5128,6056,9067,2018
35,Jamaica,6062,1247,3740,6025,3967,3526,2018
36,Chipre,6032,1544,3868,4967,6536,9478,2018
37,Líbano,6023,2793,4465,4615,5870,5636,2018
38,Ghana,5979,3279,4677,5489,3739,1595,2018
39,Eslovenia,5965,1550,3836,5078,4893,8033,2018
40,Baréin,5963,3105,4584,5799,5416,7229,2018
41,Palestina,5816,1029,3507,5443,4178,6019,2018
42,Estonia,5765,1581,3747,4380,5680,7482,2018
43,Kuwait,5690,3633,4698,4397,4848,10058,2018
44,Costa Rica,5620,1765,3761,5556,4589,5470,2018
45,Portugal,5586,2039,3875,4547,4683,6197,2018
46,Chile,5524,1661,3661,4780,5140,5453,2018
47,Jordania,5509,1207,3434,4654,5266,4343,2018
48,Croacia,5506,1202,3431,4633,4342,5977,2018
49,Mauricio,5504,1333,3492,4951,3937,4666,2018
50,Trinidad y Tobago,5457,1876,3730,5337,5033,5491,2018
51,Argentina,5374,1384,3450,4464,5369,6015,2018
52,Letonia,5342,1335,3410,4247,4805,5310,2018
53,Lituania,5324,1521,3490,4174,4886,5729,2018
54,Panamá,5241,2659,3996,5304,4430,3912,2018
55,Brasil,5133,1389,3327,3969,4121,4156,2018
56,Eslovaquia,5041,1886,3519,4366,3734,6729,2018
57,República Checa,5009,1907,3513,4362,3603,7635,2018
58,Zimbabue,4954,1229,3157,4430,3766,2729,2018
59,Omán,4931,2031,3532,4671,4617,9924,2018
60,Tailandia,4891,1710,3357,5490,2394,3859,2018
61,Hungría,4860,1537,3257,3861,3738,5062,2018
62,Sudáfrica,4805,1791,3351,4066,4574,9983,2018
63,República Dominicana,4790,1030,2977,4187,4365,2743,2018
64,El Salvador,4787,1145,3031,4679,3616,3092,2018
65,Arabia Saudita,4786,1350,3129,4204,3203,13146,2018
66,Etiopía,4755,2402,3620,3915,2021,1498,2018
67,Guatemala,4687,1459,3130,4462,3681,4130,2018
68,Zambia,4649,1950,3347,4041,3350,10126,2018
69,Camboya,4592,1355,3031,4933,2307,1494,2018
70,Polonia,4520,1663,3142,3585,3770,7442,2018
71,Tanzania,4497,1900,3245,3448,2936,2310,2018
72,Malasia,4473,1152,2872,4821,2322,7298,2018
73,China,4456,1838,3193,4773,2959,7228,2018
74,Montenegro,4441,1085,2822,3575,3808,4868,2018
75,Ecuador,4428,1118,2832,4285,3082,3939,2018
76,Honduras,4428,1064,2806,3658,3299,3486,2018
77,Rusia,4389,1661,3073,3590,4591,5111,2018
78,Irak,4388,1284,2891,3767,3840,5120,2018
79,Turquía,4180,1038,2665,3617,3123,5378,2018
80,Bulgaria,4121,981,2606,3520,3361,5444,2018
81,Indonesia,3974,850,2468,4352,1950,3749,2018
82,Rumania,3971,1085,2579,3283,3328,6620,2018
83,Perú,3964,1440,2747,3587,2629,3707,2018
84,Serbia,3959,844,2457,2995,3145,4181,2018
85,Vietnam,3944,1511,2771,3909,1996,3009,2018
86,Bosnia y Herzegovina,3926,694,2368,3376,2668,5240,2018
87,Kenia,3872,867,2423,3657,3161,3206,2018
88,Albania,3788,733,2315,3087,2908,3703,2018
89,Marruecos,3712,1146,2474,3326,2576,4507,2018
90,Bolivia,3653,987,2367,2884,2852,4468,2018
91,Filipinas,3599,804,2251,3430,2094,3402,2018
92,Colombia,3529,1013,2316,2952,2668,3859,2018
93,Macedonia del Norte,3484,691,2137,2873,2364,4255,2018
94,Nigeria,3465,1597,2564,3580,2206,1956,2018
95,Irán,3456,1590,2556,3100,2727,4560,2018
96,Sri Lanka,3432,833,2178,3838,1969,2956,2018
97,Kazajistán,3425,1123,2315,2806,3541,4075,2018
98,Bielorrusia,3406,1058,2274,2791,3576,4132,2018
99,México,3356,951,2196,3218,2948,5818,2018
100,Armenia,3345,881,2157,2775,3121,3178,2018
101,Moldavia,3310,875,2136,2664,2352,2927,2018
102,Uganda,3267,683,2021,2832,2317,2139,2018
103,Nepal,3262,443,1902,3018,1903,2533,2018
104,Venezuela,3221,762,2035,3383,2670,400,2018
105,Argelia,3213,605,1955,3380,1760,3598,2018
106,Bangladés,3199,555,1924,3025,2120,3957,2018
107,Azerbaiyán,3062,950,2043,2743,3059,2871,2018
108,Georgia,2966,976,2006,2459,2915,3550,2018
109,Kosovo,2944,865,1941,2629,2097,5923,2018
110,Siria,2781,512,1687,2623,2216,1132,2018
111,Túnez,2767,581,1713,2641,1705,3823,2018
112,India,2688,677,1718,2746,1834,7927,2018
113,Ucrania,2598,885,1772,2038,1862,3024,2018
114,Egipto,2569,507,1575,2301,2102,2467,2018
115,Pakistán,2508,529,1554,2381,1902,4111,2018
1,Suiza,12116,5025,8711,12081,12309,12970,2019
2,Islandia,10186,4828,7613,9210,11185,9180,2019
3,Noruega,10099,3728,7040,9267,11153,10361,2019
4,Bahamas,9240,3349,6411,7697,9992,5701,2019
5,Luxemburgo,8609,5564,7147,7510,9608,10626,2019
6,Japón,8333,2797,5675,8358,4875,10312,2019
7,Dinamarca,8138,3291,5811,6362,9514,11439,2019
8,Hong Kong,7814,7683,7751,8030,5608,6934,2019
9,Corea del Sur,7693,2223,5066,8970,4484,10340,2019
10,Irlanda,7535,4180,5924,5910,8265,9509,2019
11,Francia,7485,2625,5151,6831,7537,9155,2019
12,Países Bajos,7483,3474,5558,5880,8349,10254,2019
13,Israel,7428,2942,5274,6192,8083,9248,2019
14,Bélgica,7297,2581,5032,6086,8340,9509,2019
15,Finlandia,7282,2614,5040,6002,7791,11230,2019
16,Nueva Zelanda,7262,3164,5294,6571,6878,10109,2019
17,Australia,7208,3550,5452,6690,7069,12285,2019
18,Austria,7179,2763,5058,6563,7008,9670,2019
19,Suecia,7155,2605,4970,6345,7504,11138,2019
20,Estados Unidos,6991,3898,5506,6744,6933,12203,2019
21,Singapur,6979,5310,6177,5748,4675,10377,2019
22,Italia,6925,2168,4640,5834,7572,7749,2019
23,Alemania,6762,2685,4804,5427,6356,11620,2019
24,Reino Unido,6528,2860,4766,5185,7237,10573,2019
25,Canadá,6501,2832,4739,6237,6181,10944,2019
26,Puerto Rico,6384,1796,4181,6166,5482,9839,2019
27,Malta,6332,2868,4669,5123,6728,5967,2019
28,Taiwán,5984,2337,4233,6961,2688,5636,2019
29,Catar,5909,4656,5307,4772,6195,13829,2019
30,Jamaica,5880,1474,3764,5884,4226,3469,2019
31,Líbano,5806,2692,4311,4328,5679,5397,2019
32,Uruguay,5731,1621,3757,4511,5628,4777,2019
33,Baréin,5671,2956,4367,5116,5221,7461,2019
34,Grecia,5666,1080,3464,4369,5476,4957,2019
35,Emiratos Árabes Unidos,5616,4098,4887,4316,5388,11960,2019
36,Chipre,5557,2023,3860,4432,5976,7529,2019
37,Jordania,5498,1187,3428,4443,5228,4173,2019
38,España,5470,2073,3839,4402,5413,8380,2019
39,Eslovenia,5251,1536,3467,4327,4383,7538,2019
40,Mauricio,5244,1153,3280,4789,3914,3977,2019
41,Birmania,5238,2472,3909,5476,2024,1398,2019
42,Trinidad y Tobago,5207,1713,3529,5000,4600,5697,2019
43,Zimbabue,5157,1167,3241,4574,3681,2765,2019
44,Kuwait,5148,3294,4258,3988,4735,10201,2019
45,Panamá,5145,2463,3857,4821,4706,4134,2019
46,Ghana,5113,3157,4174,4476,3174,1870,2019
47,Estonia,5101,1538,3390,3706,5124,7597,2019
48,Fiyi,5093,2270,3738,5763,3646,3544,2019
49,Costa Rica,5089,1548,3389,4791,4258,4713,2019
50,Portugal,5039,2107,3631,4020,4313,5519,2019
51,Palestina,5020,900,3041,4390,3733,5717,2019
52,Belice,4945,881,2993,4286,3666,7085,2019
53,Letonia,4923,1202,3136,3665,4547,5516,2019
54,Croacia,4918,1160,3113,4033,4036,6033,2019
55,Chile,4773,1522,3212,4055,4515,5413,2019
56,Arabia Saudita,4761,1140,3022,3906,3093,11859,2019
57,Tailandia,4754,1771,3321,5000,2463,4086,2019
58,Camboya,4680,1444,3126,4415,2444,1246,2019
59,Omán,4620,1989,3357,4002,4441,8847,2019
60,El Salvador,4611,1419,3078,4557,3555,3009,2019
61,Lituania,4591,1290,3006,3536,4395,6034,2019
62,Nicaragua,4583,954,2840,4636,3114,2452,2019
63,República Checa,4512,1827,3223,3808,3325,7132,2019
64,Eslovaquia,4498,1613,3113,3850,3364,6324,2019
65,República Dominicana,4492,1021,2825,3568,4243,2602,2019
66,Namibia,4322,1746,3085,3992,3859,6360,2019
67,Brasil,4280,1146,2775,3130,3485,3743,2019
68,Sudáfrica,4249,1650,3001,3388,4079,8297,2019
69,Honduras,4210,1076,2705,3357,3152,3522,2019
70,Hungría,4203,1364,2840,3236,3343,5466,2019
71,Ecuador,4198,1161,2740,3787,2943,4084,2019
72,Guatemala,4174,1393,2839,3802,3228,4179,2019
73,Cuba,4050,811,2495,3430,2829,247,2019
74,Irak,3962,1146,2610,3410,3185,4761,2019
75,Montenegro,3961,995,2537,3075,3425,4628,2019
76,Malasia,3938,1092,2571,3970,2275,7314,2019
77,China,3924,1736,2873,3993,2818,6895,2019
78,Polonia,3913,1492,2750,3066,3272,7000,2019
79,Kenia,3821,1005,2469,3323,3122,3246,2019
80,Vietnam,3770,1310,2588,3787,1889,3333,2019
81,Bulgaria,3717,915,2372,3115,2986,5218,2019
82,Perú,3717,1196,2506,3269,2368,3747,2019
83,Rumania,3645,1000,2375,2988,3226,6116,2019
84,Indonesia,3624,843,2288,3814,1802,3295,2019
85,Albania,3617,821,2274,2859,2934,3381,2019
86,Irán,3580,1692,2673,3263,2688,3774,2019
87,Bosnia y Herzegovina,3572,632,2160,2881,2378,4918,2019
88,Rusia,3552,1268,2455,2918,3700,4538,2019
89,Serbia,3539,808,2227,2630,2784,3990,2019
90,Turquía,3521,723,2178,3045,2365,4533,2019
91,Filipinas,3509,809,2212,3261,1967,2946,2019
92,Tanzania,3474,1603,2576,2859,2515,2271,2019
93,Bolivia,3437,1088,2309,2690,2796,4405,2019
94,Marruecos,3398,948,2221,2985,2385,4140,2019
95,Bielorrusia,3312,996,2200,2777,3598,4464,2019
96,Argentina,3309,948,2175,2625,3250,5500,2019
97,México,3271,1006,2183,3030,3023,4998,2019
98,Armenia,3251,990,2165,2577,3253,3306,2019
99,Paraguay,3227,938,2128,2603,2575,3557,2019
100,Moldavia,3226,797,2060,2497,2771,3075,2019
101,Bangladés,3183,544,1916,2952,1897,3982,2019
102,Macedonia del Norte,3158,647,1952,2485,2367,3983,2019
103,Nigeria,3125,2897,3015,3176,1920,1513,2019
104,Argelia,3056,551,1853,3200,1638,3293,2019
105,Uganda,3025,851,1981,2609,2190,2272,2019
106,Sri Lanka,3024,757,1936,3357,1736,2734,2019
107,Colombia,3015,917,2007,2433,2246,3466,2019
108,Kazajistán,2983,978,2020,2375,2983,3883,2019
109,Nepal,2963,460,1761,2540,1974,2628,2019
110,Azerbaiyán,2912,872,1932,2408,3067,3201,2019
111,Georgia,2878,853,1905,2339,2709,3319,2019
112,Ucrania,2794,953,1910,2247,2214,3272,2019
113,Uzbekistán,2711,827,1806,2390,2114,2509,2019
114,Egipto,2646,501,1616,2319,2226,2367,2019
115,Kosovo,2618,805,1748,2321,1957,6182,2019
116,Venezuela,2573,589,1620,2758,2198,371,2019
117,India,2417,584,1537,2420,1715,6691,2019
118,Túnez,2369,496,1469,2227,1333,3799,2019
119,Pakistán,2040,450,1276,1825,1542,3861,2019
1,Suiza,12240,5025,8789,12027,12301,11953,2020
2,Noruega,10143,3615,7021,9114,10928,8838,2020
3,Islandia,10048,4695,7488,8689,11374,7944,2020
4,Japón,8335,2597,5590,8182,4895,8728,2020
5,Dinamarca,8300,3192,5857,6174,10075,10088,2020
6,Bahamas,8251,3636,6043,6265,8366,5418,2020
7,Luxemburgo,8189,5492,6899,6910,8985,10392,2020
8,Israel,8115,3133,5732,6631,8865,7809,2020
9,Singapur,8110,6327,7258,6675,5899,8896,2020
10,Corea del Sur,7818,2286,5172,9131,4487,8521,2020
11,Hong Kong,7722,7957,7835,7594,5436,6532,2020
12,Barbados,7602,1970,4908,6520,6814,5110,2020
13,Irlanda,7591,4388,6059,5835,8124,8088,2020
14,Francia,7414,2539,5082,6790,7254,8036,2020
15,Países Bajos,7375,3518,5530,5587,8048,9073,2020
16,Australia,7354,3486,5504,6723,7032,10731,2020
17,Nueva Zelanda,7253,3209,5319,6469,6880,9266,2020
18,Bélgica,7178,2543,4961,5866,8014,8628,2020
19,Seychelles,7159,3234,5281,6461,8486,2167,2020
20,Estados Unidos,7105,4032,5636,6661,7074,10952,2020
21,Austria,7038,2681,4954,6173,6809,8238,2020
22,Finlandia,7029,2616,4918,5652,7681,9993,2020
23,Suecia,6985,2590,4883,6047,7235,10173,2020
24,Canadá,6762,3073,4998,6368,6353,9509,2020
25,Puerto Rico,6754,1929,4446,6576,5868,7938,2020
26,Malta,6746,3104,5004,5490,7594,4632,2020
27,Reino Unido,6728,2985,4938,5127,7413,9173,2020
28,Italia,6726,2122,4524,5544,7232,6559,2020
29,Alemania,6526,2706,4699,4923,6158,10236,2020
30,Macao,6484,4398,5487,6200,4337,8090,2020
31,Catar,6404,4744,5610,5361,6683,11169,2020
32,Emiratos Árabes Unidos,6198,4107,5198,4763,6132,9158,2020
33,Taiwán,6137,1642,3987,7151,2849,6567,2020
34,Líbano,6050,2454,4330,4392,5816,4447,2020
35,Baréin,5894,3095,4555,4811,5455,5788,2020
36,Chipre,5793,2054,4005,4421,6311,5741,2020
37,Jamaica,5782,1525,3746,5896,3812,3237,2020
38,Grecia,5567,1168,3462,4163,5374,4368,2020
39,Zimbabue,5530,1102,3412,5080,4079,2603,2020
40,Palestina,5454,883,3268,4667,3893,4691,2020
41,Etiopía,5439,2090,3837,3630,1937,834,2020
42,Panamá,5416,2476,4009,5303,4727,3423,2020
43,Costa Rica,5398,1555,3560,4960,4351,4261,2020
44,España,5377,2177,3846,4238,5207,7203,2020
45,Trinidad y Tobago,5370,1726,3627,4943,4983,4570,2020
46,Jordania,5367,1154,3352,4332,4712,3488,2020
47,Eslovenia,5343,1709,3605,4376,4543,6631,2020
48,Mauricio,5304,1199,3341,4894,4396,3088,2020
49,Uruguay,5104,1443,3353,4012,4741,3746,2020
50,Estonia,5093,1541,3394,3657,5294,7130,2020
51,Kuwait,5037,3121,4121,3468,4708,8559,2020
52,Tailandia,4977,1710,3414,4920,2490,3545,2020
53,Croacia,4970,1350,3238,3990,4244,5042,2020
54,Portugal,4952,2181,3627,3814,4248,4943,2020
55,Omán,4928,1798,3431,4350,4426,8097,2020
56,Belice,4923,974,3034,4189,3705,5753,2020
57,Arabia Saudita,4834,1139,3067,3789,3351,10000,2020
58,Letonia,4794,1234,3091,3485,4288,5248,2020
59,Camboya,4749,1490,3190,4456,2519,1129,2020
60,Fiyi,4748,1855,3364,5267,3587,3317,2020
61,República Checa,4615,1956,3343,3813,3410,6282,2020
62,El Salvador,4557,1348,3022,4367,3480,2471,2020
63,Brunéi,4471,2308,3436,3711,3806,8695,2020
64,Nicaragua,4456,761,2688,4171,3141,2392,2020
65,Eslovaquia,4446,1611,3090,3751,3382,5694,2020
66,Lituania,4428,1365,2963,3363,4270,5785,2020
67,República Dominicana,4406,1062,2806,3593,3827,2395,2020
68,Chile,4362,1339,2916,3645,4157,4250,2020
69,Cuba,4346,484,2499,3740,3095,218,2020
70,Surinam,4314,779,2623,4578,3498,2239,2020
71,Namibia,4310,1612,3019,3680,3922,5565,2020
72,Sudáfrica,4287,1661,3031,3329,4058,7361,2020
73,Guatemala,4270,1529,2959,3741,3300,3983,2020
74,Honduras,4217,1060,2707,3333,3055,3026,2020
75,Birmania,4211,2378,3335,4468,1904,1022,2020
76,Ecuador,4098,1196,2710,3546,3066,3608,2020
77,Hungría,4085,1397,2799,3077,3446,4755,2020
78,Brasil,4022,1065,2608,2920,3078,3281,2020
79,Kenia,4021,1073,2611,3535,3506,2732,2020
80,China,4004,1638,2872,4037,2916,6088,2020
81,Polonia,4004,1567,2838,3055,3345,5961,2020
82,Rusia,3921,1136,2589,3108,3961,3894,2020
83,Botsuana,3913,1112,2573,3174,3998,5810,2020
84,Malasia,3912,1100,2567,3758,2294,6449,2020
85,Irak,3904,1128,2576,3185,3272,4243,2020
86,Irán,3901,1448,2728,3554,2512,2269,2020
87,Somalia,3868,475,2245,4588,2704,3324,2020
88,Perú,3865,1278,2628,3380,2469,3395,2020
89,Vietnam,3834,1357,2650,3706,1959,2814,2020
90,Montenegro,3823,1038,2491,2863,3316,3980,2020
91,Ghana,3765,1941,2893,3717,2659,1466,2020
92,Filipinas,3763,900,2394,3346,2084,2348,2020
93,Indonesia,3727,1062,2452,3736,1825,2505,2020
94,Bulgaria,3670,964,2375,3009,2914,4937,2020
95,Albania,3639,855,2307,2839,2675,2956,2020
96,Bosnia y Herzegovina,3597,672,2197,2808,2510,4183,2020
97,México,3572,1146,2411,3239,3212,4181,2020
98,Serbia,3572,908,2298,2546,2863,3672,2020
99,Rumania,3531,1005,2322,2903,3050,4886,2020
100,Tanzania,3525,1404,2511,2966,2257,1758,2020
101,Bielorrusia,3470,1050,2313,2806,3894,3700,2020
102,Turquía,3469,678,2134,2976,2416,4085,2020
103,Bolivia,3456,1093,2326,2809,2511,3934,2020
104,Marruecos,3432,894,2218,3011,2450,3525,2020
105,Moldavia,3370,840,2160,2596,2779,2757,2020
106,Ruanda,3335,1188,2308,2683,2917,1932,2020
107,Ucrania,3318,1046,2231,2601,2642,3180,2020
108,Argentina,3295,833,2117,2582,3052,4722,2020
109,Armenia,3284,1091,2235,2561,3043,2800,2020
110,Bangladés,3225,501,1922,2972,1921,3321,2020
111,Zambia,3172,739,2008,2686,2207,5414,2020
112,Sri Lanka,3161,774,2020,3509,1876,2445,2020
113,Macedonia del Norte,3159,649,1958,2494,2331,3715,2020
114,Paraguay,3110,966,2085,2503,2501,3260,2020
115,Nigeria,3100,2359,2745,3115,1771,1352,2020
116,Colombia,3066,958,2058,2505,2244,3112,2020
117,Kazajistán,3064,978,2066,2431,2987,3836,2020
118,Uganda,3018,1015,2060,2525,2214,2050,2020
119,Argelia,3010,534,1826,3071,1589,2869,2020
120,Azerbaiyán,2992,948,2015,2374,3036,3020,2020
121,Egipto,2954,549,1804,2550,2353,2241,2020
122,Nepal,2905,477,1744,2491,2036,2190,2020
123,Georgia,2848,980,1954,2305,2666,2488,2020
124,Kosovo,2847,847,1891,2653,2104,4890,2020
125,Venezuela,2717,681,1743,2829,2441,261,2020
126,Túnez,2704,551,1674,2525,1495,3445,2020
127,Kirguistán,2697,918,1846,2339,2145,2498,2020
128,Uzbekistán,2601,754,1718,2159,2017,2431,2020
129,Siria,2531,568,1592,2242,2138,1146,2020
130,India,2458,568,1554,2455,1717,5430,2020
131,Afganistán,2424,403,1458,1770,1738,2820,2020
132,Pakistán,2198,459,1366,1908,1678,3057,2020
1,Islas Bermudas,14507,9286,12013,14177,15770,8343,2021
2,Suiza,13175,5505,9510,13336,12608,11096,2021
3,Noruega,10609,3618,7268,10059,10590,7943,2021
4,Islandia,9677,4317,7116,8884,10224,7188,2021
5,Dinamarca,9167,3618,6516,7262,10492,9473,2021
6,Luxemburgo,8828,6162,7554,8071,9466,9538,2021
7,Japón,8777,2803,5923,9047,4974,7653,2021
8,Israel,8663,3190,6048,7368,9110,7036,2021
9,Bahamas,8585,3454,6133,6935,8929,4931,2021
10,Singapur,8559,6477,7564,7531,6207,8362,2021
11,Australia,8414,3838,6228,8114,7628,9929,2021
12,Irlanda,8311,4542,6510,6780,8234,7384,2021
13,Barbados,8149,2109,5263,7151,7285,4534,2021
14,Corea del Sur,8120,2291,5335,9984,4398,7660,2021
15,Francia,8062,2779,5538,7746,7548,7406,2021
16,Hong Kong,7994,7424,7722,8173,5860,6245,2021
17,Suecia,7917,2808,5476,7167,7723,9055,2021
18,Nueva Zelanda,7914,3538,5823,7503,6918,8144,2021
19,Seychelles,7892,3432,5761,7856,8424,1803,2021
20,Países Bajos,7864,3931,5985,6163,8162,8389,2021
21,Bélgica,7852,2684,5383,6733,8240,7654,2021
22,Finlandia,7746,2804,5385,6560,8122,8905,2021
23,Líbano,7588,2408,5113,7251,6289,2949,2021
24,Austria,7549,2842,5300,6762,7098,7823,2021
25,Malta,7361,3296,5419,6341,7704,4189,2021
26,Italia,7311,2291,4913,6246,7560,5870,2021
27,Estados Unidos,7192,4114,5721,7024,6942,10258,2021
28,Reino Unido,7103,3161,5219,5638,7469,8256,2021
29,Alemania,7062,2964,5104,5469,6500,9372,2021
30,Canadá,7008,3248,5212,6850,6396,8276,2021
31,Macao,6960,4439,5756,6628,4893,6760,2021
32,Puerto Rico,6951,1942,4558,7213,5812,6922,2021
33,Taiwán,6525,1792,4264,7911,2880,5608,2021
34,Catar,6423,4659,5580,5672,6258,9312,2021
35,Chipre,6405,2270,4429,5168,6631,5234,2021
36,Emiratos Árabes Unidos,6167,4062,5161,4884,6125,8574,2021
37,Grecia,6096,1305,3807,4766,5571,3895,2021
38,Eslovenia,5938,1888,4003,5146,4786,5614,2021
39,España,5909,2359,4213,4874,5699,6268,2021
40,Baréin,5770,2953,4424,4696,5227,5324,2021
41,Estonia,5645,1627,3725,4335,5627,6122,2021
42,Croacia,5636,1494,3657,4910,4613,4313,2021
43,Palestina,5588,998,3395,5024,3621,3910,2021
44,Cuba,5554,1489,3612,4693,3285,142,2021
45,Trinidad y Tobago,5548,1644,3683,5309,5221,3900,2021
46,Costa de Marfil,5461,2026,3820,4715,3450,632,2021
47,Etiopía,5430,1559,3580,3747,1817,1010,2021
48,Panamá,5407,2258,3902,5477,4548,3205,2021
49,Jamaica,5316,1593,3537,5594,3312,3221,2021
50,Portugal,5288,2231,3827,4201,4324,4496,2021
51,Letonia,5287,1317,3390,4136,4492,4594,2021
52,Mauricio,5257,1232,3334,5415,3756,2738,2021
53,Belice,5245,1156,3291,4782,3610,4571,2021
54,Jordania,5217,969,3187,4276,4208,3313,2021
55,Surinam,5186,1042,3206,5039,6259,1647,2021
56,Zimbabue,5152,944,3141,4556,3929,2210,2021
57,Yemen,5146,621,2984,6117,2362,1475,2021
58,Uruguay,5109,1356,3316,4083,4895,3062,2021
59,Costa Rica,5064,1452,3338,4803,4133,3901,2021
60,Omán,5018,1732,3448,4690,4188,8445,2021
61,Arabia Saudita,4995,1164,3164,4174,3198,8818,2021
62,Kuwait,4940,3143,4082,3587,4512,7532,2021
63,Brunéi,4935,2344,3697,4721,3586,8903,2021
64,Chile,4933,1466,3276,4182,4596,3333,2021
65,Tailandia,4932,1633,3356,5064,2419,3136,2021
66,República Checa,4918,1981,3515,4276,3468,5640,2021
67,Eslovaquia,4908,1743,3396,4296,3747,5039,2021
68,Fiyi,4854,1777,3384,5343,3855,3004,2021
69,Camboya,4791,1456,3198,4864,2310,1140,2021
70,Lituania,4766,1463,3188,3728,4596,5460,2021
71,Guatemala,4476,1524,3066,4168,3245,2564,2021
72,El Salvador,4457,1333,2964,4269,3333,2072,2021
73,Nicaragua,4277,799,2615,4107,2947,1669,2021
74,Hungría,4275,1275,2842,3546,3424,4981,2021
75,Camerún,4257,742,2578,4288,2467,1537,2021
76,China,4254,1642,3006,4549,2840,5747,2021
77,Honduras,4220,1063,2712,3513,2873,3106,2021
78,Polonia,4204,1809,3060,3345,3538,4709,2021
79,Sudáfrica,4169,1594,2938,3459,3722,7292,2021
80,República Dominicana,4154,981,2638,3612,3528,2172,2021
81,Montenegro,4143,1175,2725,3255,3254,3536,2021
82,Irán,4134,1788,3013,3626,2585,1900,2021
83,Namibia,4102,1429,2825,3567,3558,5328,2021
84,Bulgaria,4092,988,2609,3524,3188,4026,2021
85,Filipinas,4065,1041,2620,3891,2216,1971,2021
86,Ghana,4063,1844,3002,4121,3153,1519,2021
87,Botsuana,4041,1074,2623,3464,4152,6195,2021
88,Albania,4025,921,2542,3273,3071,2658,2021
89,Ecuador,4008,1203,2668,3642,2855,3054,2021
90,Malasia,3951,1077,2578,4020,2171,5610,2021
91,Serbia,3919,983,2517,2968,3059,3583,2021
92,Bosnia y Herzegovina,3856,713,2354,3184,2570,4256,2021
93,Rumania,3850,1076,2525,3345,3238,4519,2021
94,Birmania,3806,2171,3025,3959,2122,1067,2021
95,Vietnam,3805,1416,2663,3832,1903,2726,2021
96,Argentina,3787,849,2383,2920,3339,3456,2021
97,Indonesia,3744,1029,2447,3940,1799,2089,2021
98,Somalia,3742,590,2236,4446,2673,2723,2021
99,Marruecos,3685,972,2389,3278,2633,3217,2021
100,Kenia,3630,917,2333,3338,3050,2767,2021
101,Perú,3626,1225,2479,3383,2356,2881,2021
102,Bolivia,3611,1076,2399,3194,2524,3723,2021
103,Mozambique,3589,1512,2597,2907,2928,1640,2021
104,México,3505,1162,2386,3364,2892,3554,2021
105,Tanzania,3460,1311,2433,3062,2516,1605,2021
106,Macedonia del Norte,3415,672,2104,2846,2246,3197,2021
107,Ruanda,3407,1492,2492,2851,2854,2197,2021
108,Bangladés,3331,490,1974,3149,2039,2407,2021
109,Mongolia,3317,991,2205,3311,2335,2809,2021
110,Rusia,3317,977,2199,2781,3065,3461,2021
111,Irak,3272,976,2175,2748,2564,3975,2021
112,Moldavia,3268,865,2120,2607,2659,2699,2021
113,Uganda,3218,729,2029,2893,2200,1397,2021
114,Brasil,3182,812,2050,2541,2255,2866,2021
115,Armenia,3168,1036,2150,2456,2725,2613,2021
116,Turquía,3148,610,1935,2811,1991,3535,2021
117,Sri Lanka,3128,854,2042,3647,1654,2077,2021
118,Colombia,3100,996,2094,2628,2180,2613,2021
119,Azerbaiyán,3090,902,2045,2623,2866,2577,2021
120,Paraguay,3072,977,2071,2455,2434,2751,2021
121,Bielorrusia,3069,919,2042,2657,3103,3196,2021
122,Egipto,3010,597,1857,2653,2491,1999,2021
123,Kazajistán,2976,931,1999,2561,2580,3492,2021
124,Nigeria,2974,2891,2934,3123,1797,978,2021
125,Túnez,2950,577,1816,2848,1575,2781,2021
126,Kosovo,2940,880,1956,2686,2110,4014,2021
127,Ucrania,2921,874,1943,2434,2372,3010,2021
128,Siria,2903,568,1787,2838,2348,808,2021
129,Nepal,2886,454,1724,2645,1968,2063,2021
130,Argelia,2831,501,1718,2909,1498,2477,2021
131,Zambia,2806,675,1788,2712,1618,5947,2021
132,Georgia,2805,942,1915,2437,2422,2567,2021
133,Uzbekistán,2712,806,1801,2391,2143,2196,2021
134,Afganistán,2633,385,1559,1930,1698,2658,2021
135,India,2516,577,1590,2626,1766,4713,2021
136,Kirguistán,2298,743,1555,2057,1919,2201,2021
137,Libia,2232,568,1437,2530,1331,3181,2021
138,Pakistán,2159,437,1336,1906,1724,2728,2021
1,Islas Bermudas,14604,9858,12380,14866,15917,8107,2022
2,Suiza,12335,5354,9062,12813,12209,11844,2022
3,Noruega,10090,3468,6986,9731,10549,8311,2022
4,Islandia,9486,4193,7005,9022,9942,7706,2022
5,Barbados,9237,2199,5938,8781,7818,3208,2022
6,Jersey,9202,6533,7951,7688,9465,7914,2022
7,Israel,8805,3394,6269,7672,9531,7558,2022
8,Dinamarca,8412,3323,6026,6860,9875,9945,2022
9,Bahamas,8400,3534,6119,7059,8909,4507,2022
10,Singapur,8398,6643,7575,7708,6117,9134,2022
11,Guernesey,8359,5402,6973,7676,8998,7157,2022
12,Hong Kong,8071,7457,7783,8472,5858,6574,2022
13,Luxemburgo,8050,6009,7093,7475,8879,9884,2022
14,Australia,7775,3684,5857,7744,7295,10463,2022
15,Japón,7703,2586,5304,8131,4540,8711,2022
16,Irlanda,7605,4208,6013,6210,8040,8227,2022
17,Países Bajos,7566,3606,5710,6549,7635,8799,2022
18,Nueva Zelanda,7452,3444,5573,7204,7005,8363,2022
19,Francia,7413,2533,5126,7364,7184,8541,2022
20,Corea del Sur,7322,2002,4828,9195,4210,7685,2022
21,Finlandia,7320,2595,5105,6516,7765,9102,2022
22,Bélgica,7261,2579,5067,6332,7863,7972,2022
23,Suecia,7174,2586,5023,6578,7261,9814,2022
24,Austria,7104,2713,5046,6588,6603,7725,2022
25,Canadá,7022,3433,5340,7001,6786,8798,2022
26,Estados Unidos,7013,4207,5698,7037,7007,10634,2022
27,Reino Unido,6965,3184,5193,5658,7679,8878,2022
28,Líbano,6962,2481,4861,6683,5425,3512,2022
29,Malta,6784,2972,4997,5959,7242,4418,2022
30,Macao,6681,4300,5565,6790,5132,6927,2022
31,Puerto Rico,6653,1840,4397,6960,5560,7278,2022
32,Italia,6647,2055,4495,5795,7058,6174,2022
33,Seychelles,6593,3235,5019,6155,7701,1943,2022
34,Alemania,6558,2762,4778,5231,6091,10308,2022
35,Catar,6281,4820,5596,5497,6301,9367,2022
36,Taiwán,6235,1769,4142,7619,2942,5835,2022
37,Chipre,5903,2236,4184,4920,6115,5731,2022
38,Emiratos Árabes Unidos,5833,4328,5128,4667,6153,9217,2022
39,Palestina,5811,1101,3603,5123,4458,3984,2022
40,Maldivas,5766,3020,4478,5660,3472,2859,2022
41,Grecia,5622,1268,3581,4473,5219,3973,2022
42,Cuba,5500,1523,3636,4793,3354,145,2022
43,Trinidad y Tobago,5488,1597,3664,5396,5374,3847,2022
44,Baréin,5477,2922,4279,4459,4894,6141,2022
45,Eslovenia,5388,1790,3701,4771,4674,5948,2022
46,España,5388,2125,3858,4569,5396,7004,2022
47,Estonia,5368,1637,3619,4229,5643,6346,2022
48,Yemen,5314,671,3138,6712,2474,1441,2022
49,Uruguay,5207,1393,3419,4401,4939,3007,2022
50,Surinam,5178,971,3206,4592,7961,1344,2022
51,Panamá,5143,2175,3751,5216,4338,3309,2022
52,Belice,5130,1164,3271,4876,3660,4573,2022
53,Arabia Saudita,5041,1167,3225,4257,3550,9185,2022
54,Senegal,5025,2297,3746,4217,4622,2345,2022
55,Jamaica,4967,1510,3346,5341,3504,3025,2022
56,Omán,4942,1677,3411,4651,4324,8424,2022
57,Jordania,4919,923,3046,4081,4116,3134,2022
58,Camboya,4911,1568,3344,5061,2290,1332,2022
59,Croacia,4894,1338,3227,4198,4129,4755,2022
60,Kuwait,4868,3131,4054,3563,4748,7857,2022
61,Letonia,4845,1177,3126,3837,4210,5165,2022
62,Libia,4835,1289,3173,5403,3410,3325,2022
63,República Checa,4824,1840,3425,4276,3672,6647,2022
64,Portugal,4794,2073,3519,3901,4026,4680,2022
65,Etiopía,4749,1688,3314,3668,1803,1015,2022
66,Costa de Marfil,4703,1768,3327,4022,3199,692,2022
67,Costa Rica,4701,1470,3187,4554,4169,3988,2022
68,Zimbabue,4568,875,2837,3988,3813,1907,2022
69,Lituania,4565,1501,3129,3618,4664,5874,2022
70,Eslovaquia,4468,1611,3129,3974,3608,5470,2022
71,El Salvador,4437,1319,2975,4432,3547,2117,2022
72,Mauricio,4408,1095,2855,4561,3344,2962,2022
73,Chile,4390,1351,2966,3887,4326,3327,2022
74,Guatemala,4349,1560,3042,4192,3259,2635,2022
75,Tailandia,4321,1469,2984,4515,2259,3156,2022
76,Venezuela,4320,999,2763,3734,4623,1541,2022
77,Fiyi,4316,1776,3126,4806,3742,3587,2022
78,Sudáfrica,4209,1660,3014,3478,4133,7836,2022
79,República Dominicana,4177,959,2668,3845,3430,2107,2022
80,China,4177,1653,2993,4601,2837,5999,2022
81,Hungría,4066,1191,2718,3519,3282,5198,2022
82,Honduras,4046,1028,2631,3473,2867,3209,2022
83,Botsuana,4017,1021,2612,3516,4250,6263,2022
84,Nicaragua,3964,868,2513,3813,2751,1763,2022
85,Camerún,3948,691,2422,4041,2633,1537,2022
86,Polonia,3895,1445,2746,3242,3352,5995,2022
87,Montenegro,3895,1287,2672,3176,3322,3419,2022
88,Bulgaria,3838,907,2464,3402,3244,4596,2022
89,Vietnam,3748,1322,2611,3870,1998,2938,2022
90,Irán,3739,1705,2785,2946,2518,1798,2022
91,Ecuador,3734,1128,2512,3449,2855,3176,2022
92,Filipinas,3706,959,2418,3784,2061,2147,2022
93,Malasia,3702,987,2429,3945,2084,5530,2022
94,Serbia,3621,873,2333,2818,2924,3783,2022
95,Ghana,3620,1931,2828,3753,3006,1682,2022
96,Bosnia y Herzegovina,3612,682,2239,3114,2534,4410,2022
97,Indonesia,3585,982,2365,3829,1774,2107,2022
98,Birmania,3567,2118,2887,3763,2000,1384,2022
99,Albania,3550,847,2283,2932,2582,3019,2022
100,México,3535,1255,2466,3482,3267,3862,2022
101,Rusia,3526,1309,2487,2986,3456,3741,2022
102,Rumania,3524,1017,2349,3138,3002,4812,2022
103,Bolivia,3477,1018,2324,3126,2497,3604,2022
104,Mongolia,3474,1122,2372,3614,2280,2434,2022
105,Argentina,3469,771,2204,2817,3332,3072,2022
106,Somalia,3458,516,2079,3939,2665,2940,2022
107,Irak,3447,1063,2329,3046,2831,4092,2022
108,Kenia,3392,873,2211,3127,2882,3218,2022
109,Armenia,3389,1161,2345,2759,3055,2886,2022
110,Marruecos,3383,898,2218,3063,2452,3436,2022
111,Uganda,3350,919,2210,3100,2485,1141,2022
112,Brasil,3324,827,2154,2816,2524,2785,2022
113,Bangladés,3313,442,1967,3041,2170,2530,2022
114,Zambia,3304,926,2190,3153,2246,4033,2022
115,Tanzania,3281,1236,2323,3004,2486,1597,2022
116,Perú,3253,1122,2254,3071,2153,2817,2022
117,Ruanda,3162,1590,2425,2771,2799,2682,2022
118,Macedonia del Norte,3138,606,1951,2695,2102,3544,2022
119,Sri Lanka,3129,823,2048,3767,1727,1927,2022
120,Bielorrusia,3089,981,2101,2724,3164,3178,2022
121,Ucrania,3071,1057,2127,2630,2575,3722,2022
122,Nigeria,3049,3599,3307,3365,2092,934,2022
123,Moldavia,3035,870,2020,2496,2710,3343,2022
124,Paraguay,3020,1004,2075,2545,2419,2608,2022
125,Georgia,3018,926,2037,2644,2788,3115,2022
126,Azerbaiyán,2973,786,1948,2657,2673,2726,2022
127,Egipto,2952,582,1841,2742,2342,2154,2022
128,Siria,2875,517,1770,2934,2281,659,2022
129,Kazajistán,2868,944,1966,2535,2724,3223,2022
130,Turquía,2831,663,1815,2264,1840,3288,2022
131,Nepal,2829,396,1689,2645,2041,2296,2022
132,Túnez,2787,532,1730,2736,1596,2783,2022
133,Uzbekistán,2731,929,1886,2683,2422,2237,2022
134,Kosovo,2705,804,1814,2484,1953,4386,2022
135,Argelia,2687,459,1643,2882,1448,2463,2022
136,Colombia,2672,818,1803,2347,1944,2885,2022
137,India,2443,530,1547,2643,1756,4972,2022
138,Afganistán,2037,272,1209,1492,1241,2304,2022
139,Pakistán,1992,391,1242,1781,1554,2663,2022
1,Islas Bermudas,14180,9631,11999,14335,14201,7946,2023
2,Suiza,11419,5024,8353,11386,10946,11868,2023
3,Islas Caimán,10339,7569,9011,9642,9237,7668,2023
4,Bahamas,9089,3956,6629,7414,9483,4320,2023
5,Barbados,8883,2125,5643,8014,8265,3685,2023
6,Noruega,8856,3095,6094,8179,9059,9502,2023
7,Singapur,8591,8531,8562,7402,5843,9555,2023
8,Islandia,8326,3674,6096,7825,8691,9008,2023
9,Jersey,7996,5386,6745,6236,9078,7262,2023
10,Dinamarca,7863,3038,5550,6244,9194,10505,2023
11,Israel,7644,3040,5437,6382,8501,8047,2023
12,"Hong Kong, China)",7568,6635,7120,7953,5361,6769,2023
13,Australia,7532,3901,5792,7330,6615,11087,2023
14,Luxemburgo,7320,4834,6128,6698,7888,12705,2023
15,Nueva Zelanda,7293,3186,5324,6938,6975,9296,2023
16,Estados Unidos,7238,4712,6027,7143,7083,11575,2023
17,Guernesey,7104,4623,5915,6615,7054,7725,2023
18,Irlanda,7055,4444,5803,5579,7192,8264,2023
19,Corea del Sur,7037,1751,4503,8746,3761,8554,2023
20,Macao (China),6878,3490,5254,7445,4820,8020,2023
21,Francia,6867,2459,4754,6510,6685,8617,2023
22,Países Bajos,6864,3339,5175,5738,6757,10781,2023
23,Finlandia,6754,2270,4605,5819,7045,9877,2023
24,Puerto Rico,6703,2325,4604,6636,5900,6213,2023
25,Canadá,6611,3340,5043,6417,6277,10212,2023
26,Austria,6596,2315,4544,5799,6345,9116,2023
27,Líbano,6579,1920,4345,6528,4802,2268,2023
28,Bélgica,6562,2236,4488,5452,6901,9447,2023
29,Japón,6459,2080,4360,6651,3794,10044,2023
30,Alemania,6293,2615,4530,5093,5622,10760,2023
31,Suecia,6289,2273,4364,5515,6431,10119,2023
32,Isla de Man,6177,2775,4546,5013,7652,16771,2023
33,Reino Unido,6151,3031,4655,4772,6787,9890,2023
34,Malta,6137,2568,4426,5197,6470,5059,2023
35,Italia,6133,2047,4175,5193,6185,6647,2023
36,Emiratos Árabes Unidos,6025,3395,4765,4659,5661,12339,2023
37,Uruguay,5994,1585,3881,4810,5954,3839,2023
38,Catar,5954,4995,5494,4767,5831,12363,2023
39,Yemen,5875,794,3440,6656,3125,1856,2023
40,Chipre,5590,2742,4225,4500,5499,5479,2023
41,Brunéi,5524,1790,3734,6446,3378,6074,2023
42,Maldivas,5503,2704,4161,4976,3461,3394,2023
43,Estonia,5482,1641,3641,4240,5507,6139,2023
44,Grecia,5464,1291,3464,4235,5009,4194,2023
45,Taiwán (China),5416,1525,3551,6331,2791,7131,2023
46,Jamaica,5356,1362,3442,5509,3712,2891,2023
47,Trinidad y Tobago,5330,1374,3434,5147,5035,3891,2023
48,Baréin,5269,2540,3961,4091,4727,8166,2023
49,Cuba,5260,1603,3507,4856,2986,159,2023
50,Letonia,5094,1087,3173,4022,4374,5295,2023
51,Eslovenia,5085,1659,3442,4386,4358,6171,2023
52,Palestina,5073,956,3100,4366,3746,3976,2023
53,España,5060,2169,3674,4099,5147,8246,2023
54,Arabia Saudita,5059,1198,3208,4173,3796,10187,2023
55,República Checa,4893,1914,3465,4074,3663,7178,2023
56,Costa Rica,4880,1487,3254,4672,4144,4153,2023
57,Lituania,4880,1677,3345,3902,4807,5674,2023
58,Panamá,4819,1971,3454,4603,4136,3642,2023
59,Belice,4803,1169,3061,4476,3077,4916,2023
60,Omán,4784,1585,3251,4265,4005,10824,2023
61,Guyana,4728,950,2917,4866,4219,2328,2023
62,Kuwait,4684,2708,3737,3289,4220,9667,2023
63,Jordania,4677,877,2855,3868,4055,3798,2023
64,Croacia,4673,1225,3020,3950,3948,5624,2023
65,Senegal,4636,2216,3476,3811,4332,2169,2023
66,Portugal,4534,2186,3408,3602,3872,5167,2023
67,Camboya,4449,1382,2979,4386,2620,1549,2023
68,Eslovaquia,4417,1494,3016,3995,3362,5628,2023
69,Chile,4413,1340,2940,3995,4240,3732,2023
70,El Salvador,4326,1482,2963,4346,3131,2266,2023
71,Costa de Marfil,4271,1545,2964,3519,2748,780,2023
72,Etiopía,4230,1709,3022,3429,1969,1159,2023
73,Mauricio,4223,1092,2722,4157,3229,3075,2023
74,República Dominicana,4176,1192,2746,3678,3390,2297,2023
75,Venezuela,4162,736,2520,3709,4363,1243,2023
76,Rusia,4081,1276,2737,3345,3920,4092,2023
77,Armenia,4079,2346,3248,3432,3609,2549,2023
78,Zimbabue,4077,1150,2674,3498,3254,1871,2023
79,Tailandia,4073,1328,2757,4204,2096,3323,2023
80,Bulgaria,4054,999,2590,3573,3583,5117,2023
81,Guatemala,4019,1382,2755,3891,2855,2972,2023
82,Hungría,3923,1162,2599,3481,3233,5309,2023
83,China,3919,1879,2941,4103,2697,6233,2023
84,Georgia,3894,1930,2952,3392,3667,2588,2023
85,Montenegro,3889,1346,2670,3241,3290,4045,2023
86,Honduras,3883,932,2468,3311,2619,3540,2023
87,Polonia,3857,1602,2776,3076,3401,6397,2023
88,Fiyi,3850,1506,2726,4192,3071,6547,2023
89,Sudáfrica,3778,1395,2636,3010,3476,8388,2023
90,Albania,3741,912,2385,3131,2649,3008,2023
91,Rumania,3741,986,2420,3204,3303,5253,2023
92,México,3729,1278,2554,3656,3397,4354,2023
93,Serbia,3716,1062,2444,3055,3016,3963,2023
94,Nicaragua,3680,777,2288,3431,2599,2173,2023
95,Namibia,3584,1179,2431,3094,3910,5130,2023
96,Vietnam,3565,1125,2395,3589,1814,3150,2023
97,Bielorrusia,3538,995,2319,3099,3720,3641,2023
98,Irán,3524,1457,2533,2616,2464,2107,2023
99,Bosnia y Herzegovina,3507,586,2107,3077,2183,4864,2023
100,Ecuador,3505,971,2291,3189,2663,3704,2023
101,Malasia,3497,980,2290,3674,2055,6575,2023
102,Brasil,3470,831,2205,2929,2641,2866,2023
103,Botsuana,3443,751,2153,3052,3265,6364,2023
104,Filipinas,3396,977,2236,3342,2089,2235,2023
105,Camerún,3363,573,2025,3380,2228,1842,2023
106,Birmania,3291,1995,2670,3382,1840,2973,2023
107,Perú,3243,1109,2220,2939,2227,3134,2023
108,Kenia,3237,777,2058,2978,2703,3278,2023
109,Moldavia,3227,829,2078,2678,2773,3314,2023
110,Uganda,3206,903,2102,2784,2305,1251,2023
111,Bolivia,3189,820,2053,2784,2341,3739,2023
112,Irak,3143,921,2078,2660,2512,4448,2023
113,Macedonia del Norte,3135,573,1907,2715,2133,3824,2023
114,Mongolia,3122,831,2024,3124,2555,2425,2023
115,Argentina,3121,685,1954,2572,2676,3677,2023
116,Indonesia,3118,833,2022,3311,1599,2749,2023
117,Nigeria,3092,3326,3204,3244,2219,842,2023
118,Tanzania,3077,991,2077,2840,2185,2055,2023
119,Ruanda,2998,1420,2242,2633,2417,2999,2023
120,Marruecos,2929,746,1883,2537,1966,3358,2023
121,Azerbaiyán,2892,749,1865,2537,2691,3202,2023
122,Paraguay,2864,932,1938,2436,2144,2780,2023
123,Kosovo,2845,795,1862,2512,1955,3765,2023
124,Kazajistán,2815,1152,2018,2496,2643,3808,2023
125,Turquía,2812,719,1809,2324,1828,3101,2023
126,Argelia,2764,431,1646,3006,1361,2691,2023
127,Uzbekistán,2702,1075,1922,2544,2292,2476,2023
128,Ghana,2670,1463,2091,2645,2359,1722,2023
129,Bangladés,2661,324,1541,2517,1657,2693,2023
130,Túnez,2650,496,1617,2559,1442,3000,2023
131,Siria,2613,446,1574,2370,1897,552,2023
132,Kirguistán,2591,931,1795,2466,2347,2551,2023
133,Ucrania,2564,807,1722,2222,2117,3809,2023
134,Sri Lanka,2529,540,1576,3103,1196,1603,2023
135,Nepal,2482,372,1471,2281,1727,2183,2023
136,Libia,2416,522,1508,2314,1926,3212,2023
137,Colombia,2307,702,1537,2103,1728,3110,2023
138,India,2240,545,1427,2334,1569,6465,2023
139,Egipto,2155,431,1328,1961,1798,2188,2023
140,Pakistán,1799,336,1098,1536,1369,2443,2023
1,Islas Bermudas,13362,9136,11358,14355,12420,8425,2024
2,Suiza,11224,5278,8404,11673,10406,11891,2024
3,Islas Caimán,11173,7603,9480,10901,9955,7367,2024
4,Islas Vírgenes de EE.UU,10264,4794,7670,10409,8352,5584,2024
5,Bahamas,8850,4179,6634,8047,8043,3797,2024
6,Islandia,8567,4096,6447,8654,8798,10907,2024
7,Singapur,8188,7188,7714,7495,5525,10299,2024
8,Barbados,7943,1990,5120,7857,7176,3442,2024
9,Noruega,7921,2783,5484,7746,7593,9495,2024
10,Dinamarca,7517,2863,5310,6502,8262,10332,2024
11,Jersey,7435,5246,6396,6408,9361,7203,2024
12,Estados Unidos,7290,4470,5952,7421,6841,12091,2024
13,Australia,7281,3661,5564,7386,6694,9360,2024
14,"Hong Kong, China)",7151,6144,6674,7960,4696,8412,2024
15,Canadá,6844,3599,5305,7065,6400,8326,2024
16,Nueva Zelanda,6817,2876,4948,7170,5881,9301,2024
17,Guernesey,6746,4671,5761,6881,6364,8325,2024
18,Israel,6719,3116,5010,6022,7192,7951,2024
19,Austria,6680,2375,4638,6480,5901,8443,2024
20,Irlanda,6652,4732,5742,5893,6589,8199,2024
21,Francia,6596,2231,4525,6857,5793,8345,2024
22,Finlandia,6547,2083,4430,6163,6381,9726,2024
23,Luxemburgo,6530,4241,5444,6513,6936,14892,2024
24,Puerto Rico,6444,2531,4588,6409,5034,7708,2024
25,Corea del Sur,6437,1712,4196,8307,3244,9057,2024
26,Países Bajos,6430,3450,5016,5744,6104,10325,2024
27,Reino Unido,6370,3354,4940,5549,6387,9006,2024
28,Bélgica,6301,2137,4326,5605,6780,9069,2024
29,Alemania,6266,2626,4539,5764,5254,10105,2024
30,Suecia,6219,2307,4364,6182,5610,9456,2024
31,Isla de Man,5980,2744,4445,4869,6794,16711,2024
32,Italia,5889,2112,4097,5678,5499,6280,2024
33,Emiratos Árabes Unidos,5776,4693,5262,4503,5001,9870,2024
34,Chipre,5709,2496,4185,4926,5397,5940,2024
35,Macao (China),5625,3051,4404,6402,3856,9685,2024
36,Yemen,5605,706,3281,6403,3022,1707,2024
37,Uruguay,5534,1521,3631,5031,5038,4701,2024
38,Malta,5507,2528,4094,4988,5745,5829,2024
39,Catar,5500,4036,4806,4435,4949,12740,2024
40,Grecia,5424,1355,3494,4790,5290,4207,2024
41,Baréin,5374,2264,3899,4642,4340,8364,2024
42,Costa Rica,5362,1653,3603,5423,4408,3701,2024
43,Trinidad y Tobago,5357,1333,3448,5388,4464,3536,2024
44,Jamaica,5312,1337,3427,5716,3843,2811,2024
45,Estonia,5300,1548,3521,4518,4881,6905,2024
46,Letonia,5142,1170,3258,4263,4625,5193,2024
47,Japón,5070,1509,3381,5544,3094,9953,2024
48,Brunéi,5046,1740,3478,6557,2559,8703,2024
49,Maldivas,5001,2314,3727,4752,2804,4082,2024
50,Eslovenia,4930,1701,3398,4626,4118,6797,2024
51,Taiwán,4899,1367,3224,6180,2479,8003,2024
52,República Checa,4859,2102,3551,4406,3451,6491,2024
53,Lituania,4840,1578,3293,4364,4514,6175,2024
54,España,4836,2360,3662,4506,4404,7818,2024
55,Belice,4805,1065,3031,4742,2794,5240,2024
56,Eslovaquia,4793,1515,3238,4508,3550,5577,2024
57,Panamá,4737,2152,3511,4643,4321,3465,2024
58,Arabia Saudita,4736,1220,3068,4082,3292,10511,2024
59,Croacia,4688,1450,3152,4265,4262,5798,2024
60,Portugal,4659,2536,3652,4295,3790,4651,2024
61,Líbano,4631,1653,3219,3338,3778,2072,2024
62,Guyana,4622,1151,2976,4825,4483,2193,2024
63,Cuba,4561,1064,2903,4125,2554,173,2024
64,Costa de Marfil,4469,1685,3149,3825,2745,854,2024
65,Omán,4440,1334,2967,3949,3354,10956,2024
66,Senegal,4403,2267,3390,4013,3786,1803,2024
67,México,4376,1703,3108,4555,3666,3796,2024
68,Kuwait,4343,2429,3435,3385,3695,12852,2024
69,Hungría,4337,1134,2818,3949,3673,4985,2024
70,Palestina,4329,843,2675,4057,2736,3744,2024
71,Etiopía,4314,1508,2983,4242,1948,1043,2024
72,Jordania,4303,757,2621,3687,3577,3637,2024
73,Mozambique,4303,2058,3238,3503,3760,1248,2024
74,Polonia,4191,1917,3112,3587,3570,6619,2024
75,El Salvador,4115,1676,2958,4272,3046,2222,2024
76,Montenegro,4095,1663,2941,3628,3558,4183,2024
77,Albania,4080,1020,2629,3944,3101,3156,2024
78,Chile,3987,1148,2641,4058,3507,3639,2024
79,Mauricio,3984,1099,2616,4144,2714,3277,2024
80,Zambia,3973,902,2516,3081,1961,1736,2024
81,Camerún,3960,1828,2949,3341,3854,843,2024
82,Venezuela,3939,571,2342,3832,3851,1261,2024
83,República Dominicana,3903,1120,2583,3655,3323,2350,2024
84,Rumania,3884,1058,2544,3636,3501,4841,2024
85,Bulgaria,3875,993,2508,3758,3281,5264,2024
86,Armenia,3863,1947,2954,3409,3620,3209,2024
87,Birmania,3859,1531,2755,3125,1607,1605,2024
88,Camboya,3850,1020,2508,4160,2225,1688,2024
89,Serbia,3834,1267,2617,3496,3044,3957,2024
90,Guatemala,3769,1288,2592,3907,2788,2968,2024
91,Honduras,3728,1032,2449,3661,2646,3505,2024
92,Georgia,3721,1554,2694,3568,3448,2790,2024
93,Zimbabue,3701,1009,2424,3343,2608,2147,2024
94,Tailandia,3604,1235,2480,4097,1844,3294,2024
95,Brasil,3523,901,2279,3238,2599,3008,2024
96,Fiyi,3482,1523,2553,3996,2770,6400,2024
97,Bosnia y Herzegovina,3473,574,2098,3271,2196,4713,2024
98,Moldavia,3457,981,2283,3105,2660,3516,2024
99,China,3412,1340,2429,3757,2101,6054,2024
100,Macedonia del Norte,3407,676,2112,3121,2282,3701,2024
101,Turquía,3382,1320,2404,3029,2575,3932,2024
102,Sudáfrica,3380,1181,2337,2761,2869,8466,2024
103,Ecuador,3363,894,2192,3399,2483,3640,2024
104,Filipinas,3362,827,2160,3517,1792,2586,2024
105,Nicaragua,3356,872,2178,3732,2158,1810,2024
106,Kazajistán,3345,1361,2404,3191,2969,3685,2024
107,Sri Lanka,3315,603,2029,4460,1675,1436,2024
108,Mongolia,3271,1103,2243,3725,2188,2353,2024
109,Kosovo,3126,848,2046,2933,2072,3481,2024
110,Azerbaiyán,3111,812,2021,2842,3012,2942,2024
111,Perú,3091,966,2083,3070,2136,2730,2024
112,Namibia,3076,1039,2110,3000,2744,5140,2024
113,Vietnam,3076,974,2079,3462,1495,3249,2024
114,Colombia,3062,879,2027,3058,2094,2807,2024
115,Malasia,3053,815,1992,3539,1830,6214,2024
116,Uganda,3043,725,1944,2781,2166,1520,2024
117,Irak,3025,820,1979,2740,2070,4199,2024
118,Botsuana,3008,615,1873,2729,2254,5649,2024
119,Marruecos,2990,783,1943,2875,1932,3037,2024
120,Argelia,2951,413,1747,3565,1307,2537,2024
121,Rusia,2948,994,2021,2586,2624,4147,2024
122,Egipto,2909,553,1792,2783,2174,1523,2024
123,Somalia,2900,451,1738,3090,2359,3049,2024
124,Túnez,2869,495,1743,2996,1523,2572,2024
125,Ucrania,2859,847,1905,2662,2217,3223,2024
126,Indonesia,2846,827,1889,3364,1445,2576,2024
127,Bolivia,2827,741,1838,2588,1973,3232,2024
128,Argentina,2780,678,1783,2565,2362,3579,2024
129,Paraguay,2759,1053,1950,2490,1908,2807,2024
130,Uzbekistán,2714,1213,2003,2780,2012,2802,2024
131,Bielorrusia,2712,825,1817,2442,2535,3959,2024
132,Nepal,2694,403,1608,2479,1760,2026,2024
133,Irán,2689,893,1837,2150,1650,2116,2024
134,Kirguistán,2688,1105,1937,2594,2003,2450,2024
135,Ruanda,2628,950,1832,2613,1907,2172,2024
136,Tanzania,2596,803,1746,2584,2029,2157,2024
137,Ghana,2595,1098,1885,2724,2288,1476,2024
138,Madagascar,2516,799,1701,2358,1371,1233,2024
139,Siria,2505,405,1509,2346,1646,471,2024
140,Bangladés,2489,271,1437,2659,1400,2581,2024
141,Kenia,2477,712,1640,2382,1833,3061,2024
142,Afganistán,2277,279,1329,1730,1298,2237,2024
143,India,2217,621,1460,2354,1561,6069,2024
144,Libia,2123,443,1326,2149,1524,3373,2024
145,Nigeria,1933,1536,1745,2141,1328,938,2024
146,Pakistán,1847,294,1111,1643,1275,2445,2024
